First Name,Middle Name,Last Name,Staff ID,Aadhaar Number,Skills,Hobbies,Awards,Recognitions,email,Mobile Number,Alternative Mobile Number,Nationality,Religion,Community:,Scar,Mole:,Medical History:,Address:,City:,State:,Pincode:,Address,City,State,Pincode,Designation,Description,Bank Name,Branch Name,Account Number,IFSC Code,PAN Number,College,Course,Specialization,School,Specialization,Percentage,CGPA,Total marks,gained marks,Designation,Name of Institution,Location,Notes,Father Name,Occupation,Father Email,Father Phone,Mother Name,Mother Occupation,Mother Email,Mother Phone,Guardian Name,Occupation,Guardian Email,Guardian Phone,Guardian Relation
Priya,Prakash,Garcia,STF0004,4545 6767 8989,Leadership,Painting,National Honor Society,Leadership Award recognition,erpteststaff4@yopmail.com,7029183456,7643285109,French,Buddhism,ChildrenYouth,Jagged scar on left forearm,Mole on chin,Chickenpox as a child,101 Oak Rd.,Houston,New York,700001,"36, Ravi Vihar, Bhagat Singh Colony",Patna,Bihar,530001,Director of Athletics,Oversees student affairs and discipline to maintain a safe and supportive learning environment.,Punjab National Bank,Chennai Anna Nagar,24681012141,AXIS0000123,DDDDD4444D,Indian Institute of Technology Kanpur (IITK),Bachelor of Engineering (BE),Psychology,La Martiniere Girls' College,Special Education and Inclusive Learning,84%,8.1,600,592,Teacher,Washington Preparatory Academy,"Houston, Texas","Completed an internship at a non-profit organization, assisting with grant writing and fundraising efforts.",David,Accountant,erptestfather04@yopmail.com,9324801587,Susan,Accountant,erptestmother04@yopmail.com,8914730265,William Hernandez,Accountant,erptestguardian04@yopmail.com,8357902146,Older brother
Ajay,Rajesh,Miller,STF0005,9876 5432 1098,Communication,Playing an instrument,Perfect Attendance,Athletic Achievement recognition,erpteststaff5@yopmail.com,8970623451,9037468125,Japanese,Sikhism,Indigenous Peoples,Circular scar on right elbow,Small mole on upper lip,Chronic headaches,234 Pine St.,Phoenix,Pennsylvania,800001,"45, Krishna Nagar, Gopalpura Bypass",Kolkata,Gujarat,695011,Director of Technology,Manages student enrollment and recruitment to ensure the school meets its enrollment goals.,Canara Bank,Mumbai Andheri East,36912151821,PYTM0123456,EEEEE5555E,Indian Institute of Technology Kharagpur (IITKGP),Bachelor of Technology (BTech),Finance,The Doon School,Literacy Education,67%,5.6,1150,689,Guidance Counselor,Franklin Charter School,"Phoenix, Arizona","Served as a volunteer at a homeless shelter, providing meals and support to individuals in need.",Robert,Lawyer,erptestfather05@yopmail.com,8753190426,Patricia,Lawyer,erptestmother05@yopmail.com,8179643520,Sophia Davis,Lawyer,erptestguardian05@yopmail.com,8740296531,Younger sister
Meena,Vivek,Davis,STF0006,1112 2233 3344,Problem-Solving,Singing,Science Fair Winner,Science Fair Winner recognition,erpteststaff6@yopmail.com,8240931765,8319542760,Brazilian,Judaism,Refugees Asylum Seekers,Raised scar on left wrist,Mole on right ear,Depression,567 Maple Ave.,Philadelphia,Illinois,900001,"14, Shivaji Colony, Rajgarh",Hyderabad,Tamil Nadu,380009,Curriculum Coordinator,Oversees athletic programs and events to promote student health and wellness.,Bank of Baroda,Bangalore Koramangala,15141311109,BOB00011222,FFFFF6666F,Indian Institute of Technology Roorkee (IITR),Bachelor of Computer Applications (BCA),Marketing,Mayo College,Language Acquisition and Development,73%,8.3,720,677,Librarian,Hamilton Academy for the Arts,"Philadelphia, Pennsylvania","Worked as a sales associate at a retail store, assisting customers and managing inventory.",James,Nurse,erptestfather06@yopmail.com,9031287564,Linda,Nurse,erptestmother06@yopmail.com,8497052136,Christopher Wright,Nurse,erptestguardian06@yopmail.com,9023456781,Younger brother
Sameer,Sanjay,Wilson,STF0007,5556 6677 7788,Creativity,Dancing,Math Olympiad Winner,Math Olympiad Winner recognition,erpteststaff7@yopmail.com,9162083457,7984165203,German,Taoism,Homeless,Long scar on back of left thigh,Mole on left temple,Diabetes,890 Cedar St.,San Antonio,Ohio,110002,"3, Patel Nagar, Gomti Nagar",Pune,Haryana,641001,School Counselor,Manages school technology infrastructure and resources to ensure they are up-to-date and functioning properly.,Union Bank of India,Delhi Nehru Place,21222324251,IDBI00034562,GGGGG7777G,Indian Institute of Science (IISC),Bachelor of Business Administration (BBA),Civil Engineering,Bishop Cotton School,Science Education,81%,6.9,840,430,School Nurse,Kennedy Science and Technology Academy,"San Antonio, Texas","Completed a summer internship at a law firm, assisting with legal research and administrative tasks.",Richard,Entrepreneur,erptestfather07@yopmail.com,7829103654,Karen,Entrepreneur,erptestmother07@yopmail.com,8731924506,Isabella Green,Entrepreneur,erptestguardian07@yopmail.com,8976432105,Cousin
Priya,Nitin,Anderson,STF0008,9990 8887 7774,Critical Thinking,Acting,Spelling Bee Winner,Spelling Bee Winner recognition,erpteststaff8@yopmail.com,7925483160,9271345608,Nigerian,Confucianism,Immigrants,Faint scar above upper lip,Mole on right shoulder,Eczema,1111 Willow Dr.,San Diego,Georgia,400002,"18, Nehru Nagar, Mahalaxmi Nagar",Jaipur,Jharkhand,781005,School Psychologist,Develops and implements academic curriculum to ensure that it meets the needs of students and aligns with educational standards.,Bank of India,Mumbai Bandra West,56575859607,SBI00067893,HHHHH8888H,University of Delhi,Bachelor of Fine Arts (BFA),Electrical Engineering,Modern School,Mathematics Education,98%,7.8,950,720,Special Education Teacher,Adams International School,"San Diego, California","Served as an event planner for a university organization, organizing and executing successful events for students and faculty.",Joseph,Scientist,erptestfather08@yopmail.com,9148923087,Nancy,Scientist,erptestmother08@yopmail.com,8359426107,Joseph Brown,Scientist,erptestguardian08@yopmail.com,8034567892,Godmother
Aravind,Devi,Thomas,STF0009,1213 2324 3435,Decision Making,Photography,Geography Bee Winner,Geography Bee Winner recognition,erpteststaff9@yopmail.com,8671042395,8569372401,Russian,Shintoism,Veterans,Deep scar on right calf,Mole on left wrist,Epilepsy,2222 Juniper Ln.,Dallas,North Carolina,600002,"67, Gandhi Road, Kumhrar",Kanpur,Maharashtra,492001,Special Education Coordinator,Provides counseling services to students to promote their emotional and mental health.,Indian Overseas Bank,Chennai T Nagar,12572489630,KOT00012341,IIIII9999I,Jawaharlal Nehru University (JNU),Bachelor of Design (BDes),Environmental Science,St. Xavier's School,Social Studies Education,62%,9,570,503,Art Teacher,Madison Community School,"Dallas, Texas","Worked as a research assistant for a university professor, conducting experiments and analyzing data.",Thomas,Artist,erptestfather09@yopmail.com,8349502671,Margaret,Artist,erptestmother09@yopmail.com,9175364820,Ava Mitchell,Artist,erptestguardian09@yopmail.com,8923456701,Godfather
Sangeetha,Raman,Jackson,STF0010,7878 8989 9990,Analytical Thinking,Videography,Student Council Leadership Award,Debate Club recognition,erpteststaff10@yopmail.com,9256038714,9046318275,American,Zoroastrianism,Women,Scattered scars on both arms,Mole on upper back,Fractured rib in a car accident,3333 Birch Rd.,San Jose,Michigan,700002,"32, Ram Nagar, BHEL Township",Lucknow,Madhya Pradesh,500001,Librarian,Provides mental health services to students to help them manage their emotional and behavioral needs.,Central Bank of India,Bangalore Jayanagar,15975348620,YESB00004566,JJJJJ0000J,University of Mumbai,Bachelor of Architecture (BArch),Human Resource Management,Scindia School,Music Education,80%,4.7,1010,1004,Music Teacher,Monroe Montessori School,"San Jose, California","Served as a tutor for a high school student, helping to improve their academic performance in multiple subjects.",Charles,Writer,erptestfather10@yopmail.com,8910473652,Sarah,Writer,erptestmother10@yopmail.com,8740256319,Ethan Johnson,Writer,erptestguardian10@yopmail.com,8765432190,Family friend
Sanjay,Nair,White,STF0011,2468 1357 8642,Attention to Detail,Playing sports,Debate Club Award,Drama Club recognition,erpteststaff11@yopmail.com,8712463059,8962430751,Italian,Baha Faith,Men,Small scar near hairline,Mole on right forearm,Gastrointestinal issues,4444 Ash St.,Austin,New Jersey,800002,"9, Nai Sadak, Shyam Nagar",Raipur,Odisha,800001,Media Specialist,Manages special education programs and services to support students with special needs.,IDBI Bank,Pune Aundh,45678912305,CANA0001112,KKKKK1111K,University of Calcutta,Bachelor of Education (BEd),Data Science,Welham Girls' School,Art Education,91%,6.2,680,622,Physical Education Teacher,Wilson Language Institute,"Austin, Texas","Worked as a customer service representative at a call center, providing assistance and resolving issues for customers.",Christopher,Athlete,erptestfather11@yopmail.com,8471029365,Emily,Athlete,erptestmother11@yopmail.com,9243761580,Mia Baker,Athlete,erptestguardian11@yopmail.com,8274905613,Neighbor
Anu,Kumar,Harris,STF0012,1113 2224 3335,Adaptability,Hiking,Drama Club Award,Music Club recognition,erpteststaff12@yopmail.com,9367508241,7436109825,Canadian,Jainism,Ethnic Minorities,Scar on back of right hand,Mole on left thigh,Heart disease,5555 Spruce Ave.,Jacksonville,Virginia,900002,"21, Shastri Nagar, Gangapur City",Chennai,Uttar Pradesh,600001,Physical Education Teacher,Manages the school library and its resources to support student learning and research.,Syndicate Bank,Hyderabad Banjara Hills,10203040506,IOBA0005678,LLLLL2222L,University of Hyderabad,Bachelor of Physical Education (BPEd),Education,Rishi Valley School,Physical Education,78%,9.8,1123,1023,Science Teacher,McKinley Academy for Gifted and Talented Students,"Jacksonville, Florida","Completed an internship at a public relations firm, assisting with media outreach and drafting press releases.",Matthew,Chef,erptestfather12@yopmail.com,9267483015,Rebecca,Chef,erptestmother12@yopmail.com,8096437152,Alexander Collins,Chef,erptestguardian12@yopmail.com,8956742310,Teacher
Karthik,Lakshmi,Martin,STF0013,4445 5556 6667,Strategic Planning,Camping,Music Club Award,Art Club recognition,erpteststaff13@yopmail.com,8943276501,8729540136,South African,Cao Dai,Religious Minorities,Scar on right knee,Mole on left earlobe,High blood pressure,6666 Chestnut St.,Fort Worth,Washington,110003,"48, Mahaveer Nagar, Gopalpura Bypass",Ranchi,Rajasthan,560001,Music Teacher,Manages digital media resources and technology to support student learning and research.,Oriental Bank of Commerce,Kolkata Salt Lake,22334455661,UTIB0007890,MMMMM3333M,University of Pune,Bachelor of Law (LLB),Economics,"The Lawrence School, Sanawar",Educational Technology,86%,5.9,730,638,Mathematics Teacher,Harrison Alternative School,"Fort Worth, Texas","Served as a lifeguard at a community pool, ensuring the safety of swimmers and responding to emergencies.",Steven,Musician,erptestfather13@yopmail.com,8739462105,Laura,Musician,erptestmother13@yopmail.com,8625390741,Charlotte Jackson,Musician,erptestguardian13@yopmail.com,8934506712,Coach
Meena,Raj,Thompson,STF0014,7779 8888 9997,Customer Service,Traveling,Art Club Award,Student Council recognition,erpteststaff14@yopmail.com,8249163075,9075326841,British,Scientology,Low-Income Families,Scar on left shoulder blade,Mole on right ankle,Insomnia,7777 Redwood Dr.,Columbus,Arizona,400003,"5, Janpath Lane, Sanganer",Varanasi,West Bengal,462003,Art Teacher,Teaches physical education classes and coaches sports teams to promote student health and fitness.,Corporation Bank,Delhi Karol Bagh,78945612303,INDU0002345,NNNNN4444N,Amity University,Bachelor of Journalism and Mass Communication (BJMC),Biotechnology,The Daly College,Educational Psychology,94%,7.4,1110,504,Language Teacher,Van Buren Vocational School,"Columbus, Ohio","Worked as a data entry clerk at a medical office, inputting patient information and maintaining records.",Daniel,Actor,erptestfather14@yopmail.com,9038172654,Jessica,Actor,erptestmother14@yopmail.com,8971453620,Samuel Lee,Actor,erptestguardian14@yopmail.com,9012345678,Mentor
Raghav,Ravi,Moore,STF0015,1214 2325 3436,Sales,Cooking,Athletic Achievement Award,Community Service recognition,erpteststaff15@yopmail.com,7916430582,8347952610,Egyptian,Rastafarianism,Environmentalists,Scar on back of neck,Mole on upper chest,Kidney stones,8888 Laurel Rd.,San Francisco,Massachusetts,600003,"11, Vaishali Nagar, Vidhyadhar Nagar",Nagpur,Goa,273015,Drama Teacher,Teaches music classes and directs music programs to foster students' musical abilities.,United Bank of India,Mumbai Fort,16151413121,CORP0003333,OOOOO5555O,Banaras Hindu University (BHU),Bachelor of Hotel Management (BHM),Journalism,The Cathedral and John Connon School,Counseling and Guidance,70%,8.5,540,410,History Teacher,Grant International Baccalaureate Program,"San Francisco, California","Completed a summer internship at an accounting firm, assisting with tax preparation and bookkeeping.",Brian,Social worker,erptestfather15@yopmail.com,8710526398,Lisa,Social worker,erptestmother15@yopmail.com,8095342761,Amelia Adams,Social worker,erptestguardian15@yopmail.com,8674321059,Social worker
Anjali,Vinod,Young,STF0016,2345 3456 4567,Marketing,Baking,Most Improved Student Award,Citizenship recognition,erpteststaff16@yopmail.com,8973062154,8921473605,Australian,Druidism,Activists,Scar on left ankle,Mole on left calf,Migraines,9999 Cypress Ave.,Charlotte,Tennessee,700003,"23, Malviya Nagar, Civil Lines",Surat,Himachal Pradesh,400001,Science Teacher,Teaches art classes and oversees art programs to promote students' creativity and artistic skills.,Dena Bank,Chennai Mylapore,24681012149,BOI00077778,PPPPP6666P,Anna University,Bachelor of Pharmacy (BPharm),Architecture,The Bombay Scottish School,Multicultural Education,97%,6.1,1190,966,Social Studies Teacher,Garfield Music Conservatory,"Charlotte, North Carolina","Served as a tour guide for a historical museum, sharing information about exhibits and leading group tours.",Andrew,Psychologist,erptestfather16@yopmail.com,8920347156,Amy,Psychologist,erptestmother16@yopmail.com,8397612045,Benjamin Perez,Psychologist,erptestguardian16@yopmail.com,9087654321,Step-mother
Shreya,Arjun,Allen,STF0017,8888 7777 6666,Public Speaking,Gardening,Outstanding Student Award,Foreign Language Achievement recognition,erpteststaff17@yopmail.com,8541270693,8490621375,Argentinian,Hare Krishna,Scientists,Scar on upper back,Mole on right elbow,Multiple sclerosis,1212 Magnolia Blvd.,Indianapolis,Indiana,800003,"8, Rambagh Circle, C Scheme",Vadodara,Uttarakhand,834001,Math Teacher,Teaches drama classes and directs theatrical productions to foster students' theatrical abilities.,Vijaya Bank,Bangalore Basavanagudi,36912151829,ALLA0009999,QQQQQ7777Q,Jadavpur University,Bachelor of Ayurvedic Medicine and Surgery (BAMS),Fashion Design,Sardar Patel Vidyalaya,Environmental Education,68%,8.9,650,584,Technology Teacher,Taft College Preparatory Academy,"Indianapolis, Indiana","Worked as a receptionist at a dental office, scheduling appointments and greeting patients.",Kevin,Sales representative,erptestfather17@yopmail.com,8049362175,Michelle,Sales representative,erptestmother17@yopmail.com,8765409132,Harper Turner,Sales representative,erptestguardian17@yopmail.com,8472036591,Step-father
Neha,Gaurav,King,STF0018,1215 2326 3437,Conflict Resolution,Yoga,Community Service Award,History recognition,erpteststaff18@yopmail.com,9260347581,9125673084,Korean,Wicca,Artists,Scar on left bicep,Mole on back of neck,Osteoporosis,2323 Cedarwood Way,Seattle,Missouri,900003,"15, Pratap Nagar, Nirman Nagar",Thiruvananthapuram,Karnataka,641002,English Teacher,Teaches science classes and conducts scientific research to promote student scientific understanding.,Andhra Bank,Hyderabad Hitec City,15141311107,FED00012345,RRRRR8888R,Birla Institute of Technology and Science (BITS Pilani),Bachelor of Homeopathic Medicine and Surgery (BHMS),Graphic Design,Shree Swaminarayan Gurukul International School,Gifted and Talented Education,79%,7.6,780,678,Computer Science Teacher,Cleveland Magnet School of Math and Science,"Seattle, Washington","Completed an internship at a software development company, assisting with coding and software testing.",Timothy,Marketing manager,erptestfather18@yopmail.com,9075482361,Angela,Marketing manager,erptestmother18@yopmail.com,8542361907,Michael Lewis,Marketing manager,erptestguardian18@yopmail.com,8210987654,Adoptive mother
Amrita,,Shalini,STF0019,4446 5557 6668,Data Analysis,Meditation,Citizenship Award,English recognition,erpteststaff19@yopmail.com,8492316570,8369147520,Spanish,Satanism,Writers,Scar on right temple,Mole on left shoulder blade,Rheumatoid arthritis,3434 Oakdale Ave.,Denver,Maryland,110004,"29, Kirti Nagar, Tilak Nagar",Coimbatore,Chhattisgarh,380001,Social Studies Teacher,Teaches math classes and develops math curricula to promote students' mathematical abilities.,Allahabad Bank,Kolkata Gariahat,21222324253,AND00011113,SSSSS9999S,Indian School of Business (ISB),Bachelor of Dental Surgery (BDS),Information Technology,Vasant Valley School,International Education,83%,5.5,970,654,Home Economics Teacher,Coolidge Creative Arts School,"Denver, Colorado","Served as a restaurant hostess, greeting guests and managing seating arrangements.",Anthony,Financial advisor,erptestfather19@yopmail.com,8791506432,Stephanie,Financial advisor,erptestmother19@yopmail.com,8430157926,Abigail Cooper,Financial advisor,erptestguardian19@yopmail.com,8240937651,Adoptive father
Arun,,Deepak,STF0020,5558 6677 7799,Programming,Playing board games,Foreign Language Achievement Award,Science recognition,erpteststaff20@yopmail.com,9324760815,8052316794,Kenyan,Atheism,Musicians,Scar on right hip,Mole on right knee,Seasonal allergies,4545 Pinehurst Dr.,"Washington, D.C.",Wisconsin,400004,"7, Patel Marg, Malviya Nagar",Chandigarh,Andhra Pradesh,141001,Foreign Language Teacher,Teaches English classes and develops language arts curricula to promote students' language and literacy skills.,UCO Bank,Mumbai Lower Parel,56575859609,VIJB0004567,TTTTT0000T,Indian Institute of Management Ahmedabad (IIMA),Bachelor of Optometry (BOptom),Cybersecurity,Dhirubhai Ambani International School,Distance Education and E-learning,95%,9.3,590,530,Foreign Language Teacher,Hayes Humanities Academy,Washington D.C.,"Worked as a freelance writer, producing content for various websites and publications.",Nicholas,Human resources manager,erptestfather20@yopmail.com,9238741056,Katherine,Human resources manager,erptestmother20@yopmail.com,8729361054,Daniel Wilson,Human resources manager,erptestguardian20@yopmail.com,8540396712,Grandmother
Gaurav,,Neha,STF0021,1216 2327 3438,Web Design,Playing video games,History Award,Social Studies recognition,erpteststaff21@yopmail.com,7941235680,9248617035,Thai,Agnosticism,Athletes,Scar on left hip,Mole on left foot,Severe back pain,5656 Maplewood Rd.,Boston,Minnesota,600004,"62, Raja Park, Jhotwara",Guwahati,Telangana,144401,IT Support Specialist,Teaches social studies classes and develops social studies curricula to promote students' understanding of history and society.,Kotak Mahindra Bank,Delhi Janakpuri,12572489633,SYNB0008888,UUUUU1111U,Indian Institute of Management Bangalore (IIMB),Bachelor of Physiotherapy (BPT),Hospitality Management,Sri Sri Ravi Shankar Vidya Mandir,School Counseling and Mental Health,77%,4.9,840,490,Reading Specialist,Jackson Environmental Science Institute,"Boston, Massachusetts","Completed an internship at a television news station, assisting with production and reporting.",Benjamin,Information technology specialist,erptestfather21@yopmail.com,8935764210,Rachel,Information technology specialist,erptestmother21@yopmail.com,9283650147,Madison Campbell,Information technology specialist,erptestguardian21@yopmail.com,8967342105,Grandfather
Nandini,,Ashish,STF0022,9876 5432 1987,Graphic Design,Watching movies,English Award,Technology and Innovation recognition,erpteststaff22@yopmail.com,8534760912,8971263405,Indonesian,Animism,Entrepreneurs,Scar on right shoulder,Mole on left hip,Sleep apnea,6767 Sycamore Ln.,Nashville,Colorado,700004,"41, Shyam Nagar, Vaishali Nagar",Agra,Mizoram,122001,Administrative Assistant,Teaches foreign language classes and develops language curricula to promote students' linguistic abilities.,IndusInd Bank,Chennai Adyar,15975348623,UBIN0531011,VVVVV2222V,Indian Institute of Management Calcutta (IIMC),Bachelor of Occupational Therapy (BOT),International Relations,The Sanskaar Valley School,Educational Assessment and Evaluation,88%,7.1,690,529,Speech and Language Pathologist,Hoover Health Sciences Academy,"Nashville, Tennessee","Served as a graphic designer for a marketing agency, creating visual content for clients.",Patrick,Project manager,erptestfather22@yopmail.com,8059476321,Julia,Project manager,erptestmother22@yopmail.com,8039652471,Matthew Parker,Project manager,erptestguardian22@yopmail.com,8754012396,Godfather
Nitin,,Kunal,STF0023,2223 3334 4445,Video Editing,Listening to music,Science Award,Academic Achievement recognition,erpteststaff23@yopmail.com,9012874653,7695823140,Dutch,Shamanism,Educators,Scar on left foot,Mole on right bicep,Thyroid disorder,7878 Ashford Ave.,Portland,Alabama,800004,"17, Geeta Bhawan, Mahaveer Nagar",Jodhpur,Arunachal Pradesh,160017,Cafeteria Manager,Provides technical support to faculty and students to ensure that the school's technology is functioning properly.,Yes Bank,Bangalore Indiranagar,45678912309,BMBL0000123,BBBBB2223B,Indian Institute of Management Lucknow (IIML),Bachelor of Science in Nursing (BSc Nursing),Law,Gitanjali School,Educational Research,99%,8.2,1160,1012,School Psychologist,Pierce Christian School,"Portland, Oregon","Worked as a line cook at a busy restaurant, preparing and plating dishes.",George,Graphic designer,erptestfather23@yopmail.com,8250193476,Christina,Graphic designer,erptestmother23@yopmail.com,8649351207,Elizabeth Flores,Graphic designer,erptestguardian23@yopmail.com,8390621547,Family friend
Ravi,,Preeti,STF0024,1114 2225 3336,Writing,"Collecting items (e.g. stamps, coins, antiques)",Social Studies Award,National Merit recognition,erpteststaff24@yopmail.com,8960415237,9086234715,Turkish,Voodoo,Health Care Workers,Scar on right wrist,Mole on left lower back,Ulcerative colitis,8989 Willowbrook Dr.,Las Vegas,Louisiana,900004,"52, Mahavir Nagar, Nai Basti",Meerut,Manipur,700001,,Supports school administrative tasks to ensure that the school runs smoothly and efficiently.,RBL Bank,Pune Koregaon Park,10203040508,CBI00056789,BBBBB2221B,Indian Institute of Management Kozhikode (IIMK),Bachelor of Science in Agriculture (BSc Ag),Media Studies,The Heritage School,Teacher Education and Professional Development,72%,6.4,780,699,Behavior Specialist,Harding Performing Arts School,"Las Vegas, Nevada","Completed a summer internship at a fashion magazine, assisting with photo shoots and editorial content.",Edward,Real estate agent,erptestfather24@yopmail.com,8957164203,Diana,Real estate agent,erptestmother24@yopmail.com,8340571269,Andrew Ramirez,Real estate agent,erptestguardian24@yopmail.com,8462917530,Neighbor
Rahul,Kumar,Smith,STF0001,7777 8888 9998,Project Management,Reading,Valedictorian Award,Honor Roll recognition,erpteststaff2@yopmail.com,9465037281,9073468125,Indian,Christianity,LGBTQ,Large scar above left eyebrow,Small mole above left eyebrow,Allergic to pollen,123 Main St,New York City,California,110001,"57, Ashok Nagar, Bapuji Nagar",Gwalior,Kerala,110034,Head of School,Oversees the day-to-day operations of the school and ensures that it is run efficiently and effectively.,HDFC Bank,Mumbai Main,98765432108,HDFC0000240,BBBBB2221B,Indian Institute of Technology Bombay (IITB),Bachelor of Arts (BA),Computer Science,Delhi Public School,Early Childhood Education,89%,7.2,800,603,Principal,Jefferson High School,"New York City, New York","Worked as a marketing intern for a small business, assisting with social media campaigns and market research.",John,Doctor,erptestfather01@yopmail.com,8829176345,Mary,Doctor,erptestmother01@yopmail.com,8250491736,Emily Garcia,Doctor,erptestguardian01@yopmail.com,8790654321,Aunt
Kavita,Suresh,Johnson,STF0002,7777 8888 9999,Time Management,Writing,Salutatorian Award,Most Improved Student recognition,erpteststaff3@yopmail.com,8912746583,8752396140,Chinese,Islam,People with Disabilities,Small scar on chin,Large mole on right cheek,Asthma,456 Park Ave.,Los Angeles,Texas,400001,"24, Subhashpuri, Adarsh Nagar",Bhopal,Punjab,682031,Dean of Students,Assists the principal with managing the school and may have specific responsibilities in certain areas.,ICICI Bank,Kolkata Park Street,98765432109,HDFC0000240,BBBBB2222B,Indian Institute of Technology Delhi (IITD),Bachelor of Science (BSc),Mechanical Engineering,The Shri Ram School,Curriculum Design and Development,76%,9.5,1070,775,Vice Principal,Lincoln Middle School,"Los Angeles, California","Served as a teaching assistant at a summer camp, helping to organize activities and mentor children.",William,Teacher,erptestfather02@yopmail.com,9026641837,Jennifer,Teacher,erptestmother02@yopmail.com,8945273160,David Rodriguez,Teacher,erptestguardian02@yopmail.com,9078563210,Uncle
Manish,Rakesh,Brown,STF0003,1212 2323 3434,Teamwork,Drawing,Honor Roll,Perfect Attendance recognition,erpteststaff3@yopmail.com,8354921760,8924760315,Mexican,Hinduism,SeniorsElderly,Thin scar on right cheek,Raised mole on nose,Broken arm at age 10,789 Elm St.,Chicago,Florida,600001,"6/29, Rajiv Gandhi Nagar, Shanti Nagar",Amritsar,Assam,144204,Director of Admissions,Leads the school community and fosters a positive learning environment for students and staff.,Axis Bank,Delhi Connaught Place,56789012345,ICIC0000101,CCCCC3333C,Indian Institute of Technology Madras (IITM),Bachelor of Commerce (BCom),Business Administration,The Mother's International School,Educational Leadership and Management,92%,6.8,960,810,Head Teacher,Roosevelt Elementary School,"Chicago, Illinois","Worked as a barista at a local coffee shop, providing excellent customer service and honing my communication skills.",Michael,Engineer,erptestfather03@yopmail.com,8357294901,Elizabeth,Engineer,erptestmother03@yopmail.com,8039256174,Olivia Martinez,Engineer,erptestguardian03@yopmail.com,8234567190,Older sister
